Gender,Age,NS1,IgG,IgM,Area,AreaType,HouseType,District,Outcome
Female,45,0,0,0,Mirpur,Undeveloped,Building,Dhaka,0
Male,17,0,0,1,Chawkbazar,Developed,Building,Dhaka,0
Female,29,0,0,0,Paltan,Undeveloped,Other,Dhaka,0
Female,63,1,1,0,Motijheel,Developed,Other,Dhaka,1
Male,22,0,0,0,Gendaria,Undeveloped,Building,Dhaka,0
Female,36,0,0,1,Dhanmondi,Developed,Other,Dhaka,0
Female,15,0,0,1,New Market,Undeveloped,Building,Dhaka,0
Male,26,0,0,0,New Market,Developed,Other,Dhaka,0
Female,31,0,0,1,Dhanmondi,Undeveloped,Tinshed,Dhaka,0
Female,10,0,0,1,Sher-e-Bangla Nagar,Developed,Tinshed,Dhaka,0
Female,31,1,1,0,Kafrul,Undeveloped,Building,Dhaka,1
Male,10,0,0,0,Dhanmondi,Developed,Tinshed,Dhaka,0
Female,13,1,1,0,Pallabi,Undeveloped,Building,Dhaka,1
Female,43,1,1,0,Mohammadpur,Developed,Building,Dhaka,1
Male,52,0,0,0,Shahbagh,Undeveloped,Other,Dhaka,0
Female,12,1,1,1,Shyampur,Developed,Tinshed,Dhaka,1
Male,18,0,0,1,Kalabagan,Undeveloped,Tinshed,Dhaka,0
Male,56,0,0,1,Bosila,Developed,Building,Dhaka,0
Male,9,1,1,1,Mirpur,Undeveloped,Tinshed,Dhaka,1
Male,27,1,1,0,Mirpur,Developed,Tinshed,Dhaka,1
Female,31,0,1,0,Jatrabari,Undeveloped,Tinshed,Dhaka,1
Female,23,0,0,0,Adabor,Developed,Other,Dhaka,0
Female,37,0,0,1,Kamrangirchar,Undeveloped,Tinshed,Dhaka,0
Male,44,0,0,1,Biman Bandar,Developed,Other,Dhaka,0
Female,17,1,1,0,Pallabi,Undeveloped,Building,Dhaka,1
Female,64,1,1,1,Jatrabari,Developed,Other,Dhaka,1
Female,65,0,0,0,Gendaria,Undeveloped,Tinshed,Dhaka,0
Female,60,0,0,0,Pallabi,Developed,Other,Dhaka,0
Female,44,1,1,1,Kafrul,Undeveloped,Tinshed,Dhaka,1
Female,13,0,1,0,Mohammadpur,Developed,Building,Dhaka,1
Female,35,0,0,0,Ramna,Undeveloped,Building,Dhaka,0
Male,13,1,1,1,Jatrabari,Developed,Tinshed,Dhaka,1
Female,39,0,0,1,Badda,Undeveloped,Building,Dhaka,0
Female,27,0,0,1,Bangshal,Developed,Other,Dhaka,0
Male,11,1,1,1,Sabujbagh,Undeveloped,Tinshed,Dhaka,1
Female,46,1,1,1,Ramna,Developed,Other,Dhaka,1
Male,10,1,1,0,Hazaribagh,Undeveloped,Tinshed,Dhaka,1
Female,13,0,0,1,Sutrapur,Developed,Building,Dhaka,0
Male,50,0,1,0,Sabujbagh,Undeveloped,Other,Dhaka,1
Male,34,1,1,0,Mirpur,Developed,Other,Dhaka,1
Female,54,0,0,1,Kalabagan,Undeveloped,Tinshed,Dhaka,0
Female,16,0,0,1,Ramna,Developed,Other,Dhaka,0
Male,51,1,1,0,Bangshal,Undeveloped,Tinshed,Dhaka,1
Female,9,1,1,1,Lalbagh,Developed,Tinshed,Dhaka,1
Female,37,0,0,0,Demra,Undeveloped,Building,Dhaka,0
Female,13,0,0,0,Banasree,Developed,Tinshed,Dhaka,0
Male,62,0,1,0,Sabujbagh,Undeveloped,Tinshed,Dhaka,1
Male,17,0,0,1,Ramna,Developed,Building,Dhaka,0
Female,35,0,0,1,Bosila,Undeveloped,Tinshed,Dhaka,0
Male,9,1,1,0,Cantonment,Developed,Tinshed,Dhaka,1
Male,14,1,1,0,Jatrabari,Undeveloped,Tinshed,Dhaka,1
Male,37,0,0,0,Kalabagan,Developed,Tinshed,Dhaka,0
Male,13,0,0,0,Keraniganj,Undeveloped,Other,Dhaka,0
Male,57,0,0,0,Shyampur,Developed,Building,Dhaka,0
Female,41,0,0,0,Motijheel,Undeveloped,Building,Dhaka,0
Male,24,1,1,1,Bosila,Developed,Building,Dhaka,1
Male,28,0,0,0,Gendaria,Undeveloped,Other,Dhaka,0
Male,25,0,0,1,Pallabi,Developed,Other,Dhaka,0
Male,44,0,0,1,Sutrapur,Undeveloped,Tinshed,Dhaka,0
Male,10,1,1,1,Bangshal,Developed,Tinshed,Dhaka,1
Female,13,1,1,1,Dhanmondi,Undeveloped,Other,Dhaka,1
Female,65,1,1,0,Tejgaon,Developed,Building,Dhaka,1
Male,53,0,0,0,Badda,Undeveloped,Other,Dhaka,0
Male,54,0,0,1,Demra,Developed,Other,Dhaka,0
Female,59,0,0,1,Khilkhet,Undeveloped,Building,Dhaka,0
Male,47,1,1,1,Kadamtali,Developed,Building,Dhaka,1
Female,28,1,1,1,Bangshal,Undeveloped,Other,Dhaka,1
Female,38,1,1,0,Kadamtali,Developed,Tinshed,Dhaka,1
Female,11,1,1,0,Kafrul,Undeveloped,Tinshed,Dhaka,1
Female,65,0,0,0,Shahbagh,Developed,Tinshed,Dhaka,0
Male,17,1,1,0,Motijheel,Undeveloped,Other,Dhaka,1
Male,64,0,0,0,Gulshan,Developed,Tinshed,Dhaka,0
Female,45,1,1,1,Kamrangirchar,Undeveloped,Tinshed,Dhaka,1
Female,10,1,1,0,Khilkhet,Developed,Building,Dhaka,1
Male,49,1,1,1,Demra,Undeveloped,Other,Dhaka,1
Male,61,0,0,1,Ramna,Developed,Tinshed,Dhaka,0
Female,61,1,1,1,Bangshal,Undeveloped,Other,Dhaka,1
Male,21,0,0,1,Dhanmondi,Developed,Building,Dhaka,0
Male,64,1,1,1,Jatrabari,Undeveloped,Other,Dhaka,1
Female,24,0,0,0,Bosila,Developed,Tinshed,Dhaka,0
Female,62,1,1,0,Bosila,Undeveloped,Building,Dhaka,1
Male,59,1,1,1,Shahbagh,Developed,Other,Dhaka,1
Male,44,0,0,0,New Market,Undeveloped,Tinshed,Dhaka,0
Female,12,1,1,0,Tejgaon,Developed,Other,Dhaka,1
Female,29,1,1,1,Kalabagan,Undeveloped,Tinshed,Dhaka,1
Male,38,0,0,0,Biman Bandar,Developed,Building,Dhaka,0
Female,45,1,1,0,Banasree,Undeveloped,Building,Dhaka,1
Female,54,1,1,1,Demra,Developed,Building,Dhaka,1
Female,50,1,1,1,Keraniganj,Undeveloped,Tinshed,Dhaka,1
Female,39,1,1,0,Sabujbagh,Developed,Building,Dhaka,1
Female,53,0,0,0,Keraniganj,Undeveloped,Other,Dhaka,0
Male,64,1,1,1,Mirpur,Developed,Building,Dhaka,1
Female,60,1,1,1,Gulshan,Undeveloped,Other,Dhaka,1
Female,45,0,0,1,Hazaribagh,Developed,Other,Dhaka,0
Male,32,0,0,0,Banasree,Undeveloped,Other,Dhaka,0
Female,26,0,0,0,Sabujbagh,Developed,Building,Dhaka,0
Female,58,1,1,1,Rampura,Undeveloped,Building,Dhaka,1
Female,23,1,1,0,Badda,Developed,Tinshed,Dhaka,1
Male,30,0,0,1,Shahbagh,Undeveloped,Tinshed,Dhaka,0
Female,62,0,0,0,Rampura,Developed,Tinshed,Dhaka,0
Female,34,0,0,0,Sutrapur,Undeveloped,Other,Dhaka,0
Female,58,0,0,0,Dhanmondi,Developed,Other,Dhaka,0
Female,51,0,0,1,Shyampur,Undeveloped,Building,Dhaka,0
Female,50,1,1,0,Bangshal,Developed,Tinshed,Dhaka,1
Female,9,0,0,0,Chawkbazar,Undeveloped,Tinshed,Dhaka,0
Female,8,0,0,1,Khilkhet,Developed,Other,Dhaka,0
Male,45,1,1,1,Jatrabari,Undeveloped,Building,Dhaka,1
Male,27,1,1,1,Kafrul,Developed,Other,Dhaka,1
Female,31,1,1,1,Demra,Undeveloped,Building,Dhaka,1
Female,44,0,0,0,Gendaria,Developed,Other,Dhaka,0
Female,39,1,1,0,Tejgaon,Undeveloped,Tinshed,Dhaka,1
Female,9,1,1,0,Khilgaon,Developed,Tinshed,Dhaka,1
Male,51,1,1,0,Badda,Undeveloped,Other,Dhaka,1
Male,24,0,0,0,Gendaria,Developed,Other,Dhaka,0
Male,46,1,1,0,Bangshal,Undeveloped,Tinshed,Dhaka,1
Male,39,1,1,0,Paltan,Developed,Building,Dhaka,1
Female,14,1,1,0,Kamrangirchar,Undeveloped,Building,Dhaka,1
Male,42,1,1,0,Khilgaon,Developed,Other,Dhaka,1
Male,37,1,1,0,Jatrabari,Undeveloped,Tinshed,Dhaka,1
Male,31,1,1,0,Adabor,Developed,Building,Dhaka,1
Male,57,0,0,0,Bosila,Undeveloped,Tinshed,Dhaka,0
Female,30,0,0,1,Cantonment,Developed,Building,Dhaka,0
Female,57,1,1,1,Motijheel,Undeveloped,Tinshed,Dhaka,1
Male,17,0,0,0,Mohammadpur,Developed,Other,Dhaka,0
Female,56,0,0,0,Kadamtali,Undeveloped,Tinshed,Dhaka,0
Male,54,0,0,0,Ramna,Developed,Other,Dhaka,0
Female,22,0,0,1,Sutrapur,Undeveloped,Other,Dhaka,0
Female,63,1,1,1,Demra,Developed,Other,Dhaka,1
Male,54,0,0,1,Mirpur,Undeveloped,Tinshed,Dhaka,0
Male,61,1,1,1,Biman Bandar,Developed,Tinshed,Dhaka,1
Female,47,1,1,1,Jatrabari,Undeveloped,Tinshed,Dhaka,1
Male,18,0,0,1,Motijheel,Developed,Other,Dhaka,0
Female,24,1,1,0,Bangshal,Undeveloped,Other,Dhaka,1
Female,60,0,0,1,Sabujbagh,Developed,Other,Dhaka,0
Female,47,1,1,1,Kalabagan,Undeveloped,Other,Dhaka,1
Female,19,1,1,0,Paltan,Developed,Building,Dhaka,1
Male,55,1,1,0,Adabor,Undeveloped,Tinshed,Dhaka,1
Female,49,1,1,0,Paltan,Developed,Building,Dhaka,1
Male,32,0,1,0,Khilgaon,Undeveloped,Tinshed,Dhaka,1
Female,8,1,1,0,Demra,Developed,Tinshed,Dhaka,1
Female,14,0,0,0,Keraniganj,Undeveloped,Tinshed,Dhaka,0
Male,28,0,0,1,Cantonment,Developed,Other,Dhaka,0
Female,11,1,1,1,Badda,Undeveloped,Other,Dhaka,1
Male,29,0,0,0,Khilgaon,Developed,Building,Dhaka,0
Female,62,0,0,1,Shahbagh,Undeveloped,Other,Dhaka,0
Female,65,1,1,1,Paltan,Developed,Other,Dhaka,1
Female,43,1,1,1,Ramna,Undeveloped,Other,Dhaka,1
Female,59,1,1,0,Lalbagh,Developed,Tinshed,Dhaka,1
Female,29,1,1,1,Chawkbazar,Undeveloped,Tinshed,Dhaka,1
Male,17,0,0,0,Khilkhet,Developed,Building,Dhaka,0
Female,41,1,1,1,Shahbagh,Undeveloped,Other,Dhaka,1
Female,8,1,1,1,Keraniganj,Developed,Building,Dhaka,1
Female,29,1,1,0,Kalabagan,Undeveloped,Tinshed,Dhaka,1
Female,54,1,1,0,Kadamtali,Developed,Tinshed,Dhaka,1
Female,53,0,0,1,Chawkbazar,Undeveloped,Building,Dhaka,0
Male,16,1,1,1,Banasree,Developed,Building,Dhaka,1
Male,43,0,0,1,Kalabagan,Undeveloped,Building,Dhaka,0
Male,54,0,0,0,Biman Bandar,Developed,Other,Dhaka,0
Male,41,0,0,0,Bangshal,Undeveloped,Tinshed,Dhaka,0
Male,42,0,0,0,Gulshan,Developed,Other,Dhaka,0
Female,45,1,1,1,Sher-e-Bangla Nagar,Undeveloped,Other,Dhaka,1
Male,13,1,1,1,Kadamtali,Developed,Other,Dhaka,1
Female,10,1,1,0,Banasree,Undeveloped,Building,Dhaka,1
Male,18,1,1,0,Kalabagan,Developed,Building,Dhaka,1
Female,9,1,1,0,Bosila,Undeveloped,Tinshed,Dhaka,1
Female,63,0,0,1,Lalbagh,Developed,Tinshed,Dhaka,0
Male,36,1,1,0,Dhanmondi,Undeveloped,Building,Dhaka,1
Male,15,0,0,1,Bosila,Developed,Building,Dhaka,0
Male,30,0,0,0,Paltan,Undeveloped,Other,Dhaka,0
Female,40,1,1,0,Adabor,Developed,Building,Dhaka,1
Male,45,1,1,0,Paltan,Undeveloped,Tinshed,Dhaka,1
Female,14,0,0,1,Kalabagan,Developed,Other,Dhaka,0
Female,9,1,1,0,Dhanmondi,Undeveloped,Tinshed,Dhaka,1
Female,42,0,0,1,Gulshan,Developed,Other,Dhaka,0
Female,17,0,0,0,Sher-e-Bangla Nagar,Undeveloped,Building,Dhaka,0
Female,49,0,0,0,Ramna,Developed,Building,Dhaka,0
Male,14,0,0,0,Kadamtali,Undeveloped,Other,Dhaka,0
Female,41,0,0,0,Kamrangirchar,Developed,Building,Dhaka,0
Female,27,1,1,1,Khilgaon,Undeveloped,Other,Dhaka,1
Male,38,1,1,0,Kadamtali,Developed,Building,Dhaka,1
Female,14,1,1,0,Rampura,Undeveloped,Other,Dhaka,1
Male,28,0,0,1,Kadamtali,Developed,Tinshed,Dhaka,0
Male,35,1,1,1,Khilgaon,Undeveloped,Building,Dhaka,1
Male,59,0,0,1,Khilgaon,Developed,Building,Dhaka,0
Female,58,1,1,1,Lalbagh,Undeveloped,Building,Dhaka,1
Male,40,0,0,1,Tejgaon,Developed,Building,Dhaka,0
Male,25,0,0,1,Paltan,Undeveloped,Tinshed,Dhaka,0
Male,63,0,0,1,Sabujbagh,Developed,Other,Dhaka,0
Female,48,1,1,0,Sutrapur,Undeveloped,Building,Dhaka,1
Male,15,1,1,1,Pallabi,Developed,Tinshed,Dhaka,1
Male,60,0,0,1,Khilkhet,Undeveloped,Other,Dhaka,0
Female,13,0,0,1,Demra,Developed,Tinshed,Dhaka,0
Female,58,0,0,1,Adabor,Undeveloped,Tinshed,Dhaka,0
Male,53,1,1,1,Dhanmondi,Developed,Other,Dhaka,1
Male,61,1,1,1,Khilkhet,Undeveloped,Tinshed,Dhaka,1
Female,44,0,0,1,Khilkhet,Developed,Other,Dhaka,0
Female,40,0,0,0,Tejgaon,Undeveloped,Tinshed,Dhaka,0
Male,49,0,0,0,Dhanmondi,Developed,Tinshed,Dhaka,0
Male,56,1,1,0,Mohammadpur,Undeveloped,Building,Dhaka,1
Female,28,0,0,1,Kadamtali,Developed,Building,Dhaka,0
Male,40,0,0,0,Gulshan,Undeveloped,Tinshed,Dhaka,0
Male,25,1,1,0,Khilgaon,Developed,Tinshed,Dhaka,1
Female,52,0,0,0,Paltan,Undeveloped,Building,Dhaka,0
Female,60,0,0,0,Demra,Developed,Other,Dhaka,0
Female,59,0,0,1,Kalabagan,Undeveloped,Building,Dhaka,0
Female,35,1,1,0,Biman Bandar,Developed,Building,Dhaka,1
Female,48,1,1,1,Tejgaon,Undeveloped,Other,Dhaka,1
Male,31,1,1,1,Paltan,Developed,Other,Dhaka,1
Male,33,1,1,0,Hazaribagh,Undeveloped,Tinshed,Dhaka,1
Female,39,1,1,1,New Market,Developed,Building,Dhaka,1
Male,34,0,0,0,Badda,Undeveloped,Other,Dhaka,0
Female,33,1,1,1,Kadamtali,Developed,Other,Dhaka,1
Female,18,0,1,1,Kadamtali,Undeveloped,Tinshed,Dhaka,1
Female,43,1,1,1,Jatrabari,Developed,Other,Dhaka,1
Male,61,0,0,1,Kafrul,Undeveloped,Building,Dhaka,0
Female,46,0,0,0,Gendaria,Developed,Other,Dhaka,0
Male,59,1,1,1,Shyampur,Undeveloped,Other,Dhaka,1
Female,55,1,1,1,Shahbagh,Developed,Building,Dhaka,1
Male,25,0,0,1,Mirpur,Undeveloped,Tinshed,Dhaka,0
Female,53,0,0,1,Jatrabari,Developed,Tinshed,Dhaka,0
Female,32,1,1,0,Gulshan,Undeveloped,Building,Dhaka,1
Male,40,1,1,1,Demra,Developed,Other,Dhaka,1
Male,57,1,1,1,Biman Bandar,Undeveloped,Building,Dhaka,1
Male,43,0,0,1,Shyampur,Developed,Other,Dhaka,0
Male,43,0,0,1,Hazaribagh,Undeveloped,Building,Dhaka,0
Male,57,0,0,0,Banasree,Developed,Building,Dhaka,0
Female,55,1,1,1,Chawkbazar,Undeveloped,Other,Dhaka,1
Female,16,1,1,0,Khilgaon,Developed,Building,Dhaka,1
Male,25,0,0,1,Bosila,Undeveloped,Other,Dhaka,0
Female,28,1,1,0,Khilgaon,Developed,Other,Dhaka,1
Female,41,0,0,0,Rampura,Undeveloped,Other,Dhaka,0
Male,52,1,1,1,Bangshal,Developed,Other,Dhaka,1
Male,46,1,1,0,Adabor,Undeveloped,Tinshed,Dhaka,1
Female,55,0,0,1,Ramna,Developed,Building,Dhaka,0
Female,53,1,1,1,Sher-e-Bangla Nagar,Undeveloped,Tinshed,Dhaka,1
Female,42,1,1,0,Khilkhet,Developed,Other,Dhaka,1
Female,30,0,0,0,Kadamtali,Undeveloped,Building,Dhaka,0
Female,18,1,1,0,Kadamtali,Developed,Tinshed,Dhaka,1
Female,44,0,0,1,Keraniganj,Undeveloped,Building,Dhaka,0
Female,21,1,1,1,Gulshan,Developed,Tinshed,Dhaka,1
Male,56,0,0,0,Mohammadpur,Undeveloped,Building,Dhaka,0
Male,50,1,1,0,Tejgaon,Developed,Building,Dhaka,1
Female,12,1,1,0,Badda,Undeveloped,Tinshed,Dhaka,1
Male,43,0,0,0,Dhanmondi,Developed,Other,Dhaka,0
Female,42,1,1,0,Mohammadpur,Undeveloped,Building,Dhaka,1
Female,38,0,1,0,Jatrabari,Developed,Other,Dhaka,1
Male,62,1,1,0,Demra,Undeveloped,Tinshed,Dhaka,1
Female,32,0,0,0,Khilkhet,Developed,Tinshed,Dhaka,0
Male,19,1,1,0,Kadamtali,Undeveloped,Building,Dhaka,1
Female,19,1,1,1,Kafrul,Developed,Other,Dhaka,1
Male,40,1,1,1,Sabujbagh,Undeveloped,Other,Dhaka,1
Female,10,0,0,1,Mohammadpur,Developed,Tinshed,Dhaka,0
Female,20,0,0,0,New Market,Undeveloped,Tinshed,Dhaka,0
Male,26,0,0,0,Sher-e-Bangla Nagar,Developed,Other,Dhaka,0
Male,29,0,0,0,Hazaribagh,Undeveloped,Tinshed,Dhaka,0
Male,39,1,1,1,Shahbagh,Developed,Other,Dhaka,1
Female,65,1,1,1,Sutrapur,Undeveloped,Other,Dhaka,1
Female,38,0,0,1,Khilkhet,Developed,Other,Dhaka,0
Male,14,0,0,0,Khilkhet,Undeveloped,Tinshed,Dhaka,0
Female,62,0,0,0,Kafrul,Developed,Tinshed,Dhaka,0
Female,37,0,0,1,Sabujbagh,Undeveloped,Other,Dhaka,0
Female,25,1,1,1,Banasree,Developed,Tinshed,Dhaka,1
Female,64,1,1,0,Kadamtali,Undeveloped,Tinshed,Dhaka,1
Female,51,1,1,1,Jatrabari,Developed,Other,Dhaka,1
Female,11,0,0,1,Mirpur,Undeveloped,Building,Dhaka,0
Male,20,1,1,1,Hazaribagh,Developed,Building,Dhaka,1
Male,8,0,0,0,Keraniganj,Undeveloped,Tinshed,Dhaka,0
Male,27,1,1,1,Demra,Developed,Tinshed,Dhaka,1
Female,44,1,1,1,Motijheel,Undeveloped,Building,Dhaka,1
Female,28,1,1,0,Dhanmondi,Developed,Tinshed,Dhaka,1
Male,38,0,0,0,Biman Bandar,Undeveloped,Tinshed,Dhaka,0
Male,27,0,0,0,Kadamtali,Developed,Tinshed,Dhaka,0
Male,36,1,1,0,Khilkhet,Undeveloped,Building,Dhaka,1
Female,65,0,0,1,Paltan,Developed,Building,Dhaka,0
Female,38,1,1,0,Kamrangirchar,Undeveloped,Other,Dhaka,1
Female,42,1,1,0,Sher-e-Bangla Nagar,Developed,Building,Dhaka,1
Male,10,1,1,1,Tejgaon,Undeveloped,Building,Dhaka,1
Male,44,0,0,0,Sutrapur,Developed,Tinshed,Dhaka,0
Male,19,1,1,1,Badda,Undeveloped,Other,Dhaka,1
Male,18,1,1,1,Biman Bandar,Developed,Other,Dhaka,1
Male,29,0,0,1,Gulshan,Undeveloped,Other,Dhaka,0
Male,58,1,1,1,Khilkhet,Developed,Other,Dhaka,1
Female,45,1,1,1,Mohammadpur,Undeveloped,Other,Dhaka,1
Female,40,1,1,0,Gulshan,Developed,Other,Dhaka,1
Female,20,0,0,0,Badda,Undeveloped,Building,Dhaka,0
Male,41,0,0,0,Adabor,Developed,Building,Dhaka,0
Male,23,1,1,0,Badda,Undeveloped,Building,Dhaka,1
Male,29,0,0,0,Rampura,Developed,Building,Dhaka,0
Male,48,1,1,1,Ramna,Undeveloped,Building,Dhaka,1
Female,17,0,0,0,Kadamtali,Developed,Building,Dhaka,0
Female,62,0,0,0,Motijheel,Undeveloped,Tinshed,Dhaka,0
Female,34,1,1,0,Motijheel,Developed,Tinshed,Dhaka,1
Female,8,1,1,0,Paltan,Undeveloped,Tinshed,Dhaka,1
Male,22,0,0,0,Gendaria,Developed,Building,Dhaka,0
Male,23,0,0,1,Keraniganj,Undeveloped,Other,Dhaka,0
Male,47,0,0,0,Shyampur,Developed,Tinshed,Dhaka,0
Male,50,0,0,1,Gulshan,Undeveloped,Tinshed,Dhaka,0
Male,15,0,0,0,Demra,Developed,Building,Dhaka,0
Male,11,1,1,0,Kadamtali,Undeveloped,Tinshed,Dhaka,1
Female,46,1,1,0,Bosila,Developed,Building,Dhaka,1
Female,52,1,1,0,Bangshal,Undeveloped,Tinshed,Dhaka,1
Male,44,0,0,1,Sutrapur,Developed,Tinshed,Dhaka,0
Male,12,0,0,1,Bangshal,Undeveloped,Other,Dhaka,0
Female,30,0,0,0,Dhanmondi,Developed,Building,Dhaka,0
Male,41,0,0,0,Pallabi,Undeveloped,Other,Dhaka,0
Male,62,1,1,0,Dhanmondi,Developed,Tinshed,Dhaka,1
Male,42,1,1,0,Cantonment,Undeveloped,Other,Dhaka,1
Female,38,1,1,0,Dhanmondi,Developed,Building,Dhaka,1
Male,46,0,0,0,Keraniganj,Undeveloped,Tinshed,Dhaka,0
Male,44,0,0,0,Demra,Developed,Other,Dhaka,0
Female,48,1,1,0,Mohammadpur,Undeveloped,Other,Dhaka,1
Male,42,0,0,1,Jatrabari,Developed,Building,Dhaka,0
Male,41,1,1,0,Mirpur,Undeveloped,Tinshed,Dhaka,1
Male,15,0,0,0,Banasree,Developed,Tinshed,Dhaka,0
Male,15,1,1,1,Bosila,Undeveloped,Other,Dhaka,1
Male,64,0,0,1,Bosila,Developed,Building,Dhaka,0
Male,16,1,1,0,Gulshan,Undeveloped,Building,Dhaka,1
Male,19,1,1,0,Kamrangirchar,Developed,Building,Dhaka,1
Male,56,0,0,0,Rampura,Undeveloped,Building,Dhaka,0
Female,65,1,1,1,Demra,Developed,Tinshed,Dhaka,1
Male,57,1,1,1,Rampura,Undeveloped,Tinshed,Dhaka,1
Male,24,0,0,0,Gendaria,Developed,Tinshed,Dhaka,0
Male,38,0,0,1,Rampura,Undeveloped,Other,Dhaka,0
Female,39,0,0,1,Shyampur,Developed,Tinshed,Dhaka,0
Female,64,0,0,0,Banasree,Undeveloped,Tinshed,Dhaka,0
Male,39,1,1,1,Motijheel,Developed,Building,Dhaka,1
Male,33,1,1,0,Adabor,Undeveloped,Other,Dhaka,1
Male,49,1,1,0,Motijheel,Developed,Building,Dhaka,1
Female,22,1,1,1,Bangshal,Undeveloped,Tinshed,Dhaka,1
Female,29,0,0,0,Kamrangirchar,Developed,Building,Dhaka,0
Female,22,1,1,0,Kafrul,Undeveloped,Building,Dhaka,1
Female,13,1,1,0,Keraniganj,Developed,Other,Dhaka,1
Female,11,1,1,0,Kadamtali,Undeveloped,Building,Dhaka,1
Male,41,1,1,1,Khilkhet,Developed,Building,Dhaka,1
Male,61,1,1,1,Hazaribagh,Undeveloped,Other,Dhaka,1
Male,60,0,0,1,Mirpur,Developed,Tinshed,Dhaka,0
Female,21,1,1,0,Mirpur,Undeveloped,Building,Dhaka,1
Female,25,1,1,1,Kamrangirchar,Developed,Tinshed,Dhaka,1
Female,57,1,1,0,Lalbagh,Undeveloped,Tinshed,Dhaka,1
Male,22,1,1,1,Dhanmondi,Developed,Building,Dhaka,1
Male,9,1,1,0,Mohammadpur,Undeveloped,Other,Dhaka,1
Male,56,0,0,1,Kadamtali,Developed,Other,Dhaka,0
Female,44,1,1,0,Keraniganj,Undeveloped,Building,Dhaka,1
Female,59,1,1,0,Bosila,Developed,Building,Dhaka,1
Female,40,0,0,0,Gulshan,Undeveloped,Building,Dhaka,0
Female,64,1,1,0,Jatrabari,Developed,Tinshed,Dhaka,1
Male,62,1,1,0,Lalbagh,Undeveloped,Other,Dhaka,1
Female,40,1,1,1,Gendaria,Developed,Building,Dhaka,1
Female,26,1,1,1,Sutrapur,Undeveloped,Tinshed,Dhaka,1
Male,47,1,1,1,Ramna,Developed,Building,Dhaka,1
Male,56,0,0,0,Bangshal,Undeveloped,Other,Dhaka,0
Female,19,1,1,1,Khilkhet,Developed,Other,Dhaka,1
Male,17,0,0,1,Motijheel,Undeveloped,Building,Dhaka,0
Female,57,1,1,0,Biman Bandar,Developed,Building,Dhaka,1
Male,47,1,1,1,Kafrul,Undeveloped,Tinshed,Dhaka,1
Male,44,1,1,0,Jatrabari,Developed,Building,Dhaka,1
Female,18,0,0,0,Paltan,Undeveloped,Building,Dhaka,0
Male,44,1,1,0,Demra,Developed,Tinshed,Dhaka,1
Female,20,1,1,1,Rampura,Undeveloped,Building,Dhaka,1
Female,60,0,0,1,Sabujbagh,Developed,Other,Dhaka,0
Male,61,0,0,0,Keraniganj,Undeveloped,Other,Dhaka,0
Female,47,0,0,0,Ramna,Developed,Other,Dhaka,0
Female,15,1,1,1,Pallabi,Undeveloped,Tinshed,Dhaka,1
Male,58,0,0,1,Kamrangirchar,Developed,Other,Dhaka,0
Male,64,0,0,0,Kamrangirchar,Undeveloped,Building,Dhaka,0
Female,50,1,1,1,Badda,Developed,Tinshed,Dhaka,1
Female,52,1,1,1,Bangshal,Undeveloped,Building,Dhaka,1
Male,59,1,1,0,Gendaria,Developed,Tinshed,Dhaka,1
Female,51,0,0,1,Demra,Undeveloped,Building,Dhaka,0
Male,16,0,0,1,Mohammadpur,Developed,Building,Dhaka,0
Female,20,0,0,1,Shahbagh,Undeveloped,Building,Dhaka,0
Male,48,1,1,1,Kafrul,Developed,Tinshed,Dhaka,1
Male,31,0,0,0,New Market,Undeveloped,Tinshed,Dhaka,0
Male,53,1,1,1,Jatrabari,Developed,Other,Dhaka,1
Female,42,1,1,0,Pallabi,Undeveloped,Building,Dhaka,1
Female,9,1,1,1,Khilgaon,Developed,Building,Dhaka,1
Female,8,1,1,1,Dhanmondi,Undeveloped,Other,Dhaka,1
Female,17,0,0,1,Dhanmondi,Developed,Building,Dhaka,0
Female,16,1,1,0,New Market,Undeveloped,Tinshed,Dhaka,1
Female,15,1,1,1,Banasree,Developed,Other,Dhaka,1
Female,63,0,0,1,Motijheel,Undeveloped,Building,Dhaka,0
Male,35,1,1,1,Demra,Developed,Other,Dhaka,1
Male,51,0,0,0,Demra,Undeveloped,Building,Dhaka,0
Male,33,0,0,0,Shyampur,Developed,Other,Dhaka,0
Female,17,1,1,1,Kadamtali,Undeveloped,Other,Dhaka,1
Female,50,0,0,1,Lalbagh,Developed,Building,Dhaka,0
Female,34,1,1,1,Cantonment,Undeveloped,Building,Dhaka,1
Female,26,1,1,1,Bangshal,Developed,Tinshed,Dhaka,1
Female,25,0,0,1,Tejgaon,Undeveloped,Other,Dhaka,0
Male,58,0,0,0,Dhanmondi,Developed,Tinshed,Dhaka,0
Female,29,1,1,1,Sabujbagh,Undeveloped,Other,Dhaka,1
Male,38,0,0,0,Banasree,Developed,Tinshed,Dhaka,0
Female,17,1,1,0,Demra,Undeveloped,Building,Dhaka,1
Female,59,0,0,1,Motijheel,Developed,Building,Dhaka,0
Female,22,0,0,1,Ramna,Undeveloped,Tinshed,Dhaka,0
Female,18,1,1,0,Dhanmondi,Developed,Other,Dhaka,1
Female,45,0,0,0,Khilkhet,Undeveloped,Tinshed,Dhaka,0
Female,9,1,1,0,Lalbagh,Developed,Tinshed,Dhaka,1
Male,50,0,0,1,Paltan,Undeveloped,Other,Dhaka,0
Female,50,1,1,0,Bosila,Developed,Tinshed,Dhaka,1
Male,14,0,0,0,Sutrapur,Undeveloped,Building,Dhaka,0
Female,40,0,0,1,Mirpur,Developed,Other,Dhaka,0
Female,62,0,0,1,Chawkbazar,Undeveloped,Building,Dhaka,0
Female,40,1,1,1,Chawkbazar,Developed,Other,Dhaka,1
Male,24,0,0,1,Sher-e-Bangla Nagar,Undeveloped,Tinshed,Dhaka,0
Male,21,0,0,1,Bangshal,Developed,Other,Dhaka,0
Male,62,1,1,0,Mohammadpur,Undeveloped,Other,Dhaka,1
Male,16,1,1,1,Chawkbazar,Developed,Building,Dhaka,1
Male,11,0,0,0,Biman Bandar,Undeveloped,Building,Dhaka,0
Male,30,1,1,0,Chawkbazar,Developed,Other,Dhaka,1
Male,55,0,0,0,Shahbagh,Undeveloped,Tinshed,Dhaka,0
Male,24,0,0,1,Hazaribagh,Developed,Other,Dhaka,0
Female,54,0,0,1,Khilgaon,Undeveloped,Other,Dhaka,0
Male,29,1,1,0,Demra,Developed,Tinshed,Dhaka,1
Female,20,0,0,1,Shahbagh,Undeveloped,Tinshed,Dhaka,0
Male,57,1,1,1,Cantonment,Developed,Tinshed,Dhaka,1
Male,62,0,0,1,Keraniganj,Undeveloped,Other,Dhaka,0
Female,35,0,0,1,Keraniganj,Developed,Tinshed,Dhaka,0
Female,22,1,1,1,Mirpur,Undeveloped,Other,Dhaka,1
Male,14,1,1,1,Tejgaon,Developed,Building,Dhaka,1
Female,40,1,1,0,Keraniganj,Undeveloped,Building,Dhaka,1
Female,46,1,1,0,Jatrabari,Developed,Other,Dhaka,1
Female,21,0,0,1,New Market,Undeveloped,Tinshed,Dhaka,0
Male,38,0,0,1,Bangshal,Developed,Building,Dhaka,0
Male,23,1,1,1,Kadamtali,Undeveloped,Building,Dhaka,1
Female,15,0,0,0,Mirpur,Developed,Other,Dhaka,0
Female,21,0,0,0,Bosila,Undeveloped,Other,Dhaka,0
Female,31,0,0,0,Shahbagh,Developed,Other,Dhaka,0
Female,43,1,1,0,Hazaribagh,Undeveloped,Tinshed,Dhaka,1
Male,29,1,1,0,Badda,Developed,Tinshed,Dhaka,1
Female,58,0,0,1,Ramna,Undeveloped,Building,Dhaka,0
Male,27,1,1,0,Keraniganj,Developed,Building,Dhaka,1
Male,49,0,0,0,New Market,Undeveloped,Building,Dhaka,0
Male,43,1,1,1,Shahbagh,Developed,Building,Dhaka,1
Male,42,1,1,0,Gulshan,Undeveloped,Other,Dhaka,1
Female,18,1,1,0,Tejgaon,Developed,Building,Dhaka,1
Male,15,1,1,0,Khilgaon,Undeveloped,Tinshed,Dhaka,1
Male,22,1,1,0,Shahbagh,Developed,Building,Dhaka,1
Male,31,1,1,0,Badda,Undeveloped,Tinshed,Dhaka,1
Female,26,0,0,1,Adabor,Developed,Building,Dhaka,0
Male,11,1,1,1,Mirpur,Undeveloped,Tinshed,Dhaka,1
Male,47,1,1,1,Mirpur,Developed,Tinshed,Dhaka,1
Female,20,0,0,1,Hazaribagh,Undeveloped,Building,Dhaka,0
Male,58,0,0,1,Banasree,Developed,Building,Dhaka,0
Male,62,1,1,0,Banasree,Undeveloped,Other,Dhaka,1
Female,27,0,0,1,Badda,Developed,Other,Dhaka,0
Female,49,1,1,1,Keraniganj,Undeveloped,Tinshed,Dhaka,1
Female,30,1,1,0,Sutrapur,Developed,Other,Dhaka,1
Male,61,1,1,1,Gendaria,Undeveloped,Other,Dhaka,1
Female,31,1,1,1,Cantonment,Developed,Building,Dhaka,1
Female,64,0,0,1,Motijheel,Undeveloped,Other,Dhaka,0
Female,37,0,0,1,Kafrul,Developed,Other,Dhaka,0
Male,45,1,1,0,Rampura,Undeveloped,Other,Dhaka,1
Male,47,1,1,0,Khilkhet,Developed,Other,Dhaka,1
Female,34,0,0,0,Bangshal,Undeveloped,Tinshed,Dhaka,0
Male,37,1,1,1,Gulshan,Developed,Other,Dhaka,1
Female,17,0,0,0,Sher-e-Bangla Nagar,Undeveloped,Building,Dhaka,0
Male,38,0,1,0,Mohammadpur,Developed,Building,Dhaka,1
Female,13,0,0,0,Kalabagan,Undeveloped,Tinshed,Dhaka,0
Female,52,1,1,1,Khilkhet,Developed,Tinshed,Dhaka,1
Female,50,0,0,0,Biman Bandar,Undeveloped,Tinshed,Dhaka,0
Male,35,0,0,0,Shyampur,Developed,Building,Dhaka,0
Male,14,1,1,1,Tejgaon,Undeveloped,Other,Dhaka,1
Female,31,0,0,1,Pallabi,Developed,Building,Dhaka,0
Female,23,1,1,0,Kalabagan,Undeveloped,Tinshed,Dhaka,1
Male,32,0,0,0,Keraniganj,Developed,Tinshed,Dhaka,0
Male,39,1,1,0,Gendaria,Undeveloped,Tinshed,Dhaka,1
Female,53,0,0,0,Banasree,Developed,Building,Dhaka,0
Male,29,0,0,1,Kalabagan,Undeveloped,Other,Dhaka,0
Male,51,1,1,1,Hazaribagh,Developed,Other,Dhaka,1
Male,11,0,0,1,Kamrangirchar,Undeveloped,Other,Dhaka,0
Female,29,1,1,1,Gulshan,Developed,Building,Dhaka,1
Male,45,1,1,0,Shyampur,Undeveloped,Building,Dhaka,1
Male,19,0,0,0,Khilkhet,Developed,Building,Dhaka,0
Male,24,1,1,0,Tejgaon,Undeveloped,Tinshed,Dhaka,1
Male,48,0,0,0,Demra,Developed,Building,Dhaka,0
Female,53,1,1,0,Sutrapur,Undeveloped,Tinshed,Dhaka,1
Female,33,1,1,0,Sabujbagh,Developed,Tinshed,Dhaka,1
Male,41,1,1,1,Pallabi,Undeveloped,Tinshed,Dhaka,1
Female,35,0,0,1,Dhanmondi,Developed,Building,Dhaka,0
Male,63,0,0,0,Dhanmondi,Undeveloped,Tinshed,Dhaka,0
Female,54,1,1,0,Jatrabari,Developed,Tinshed,Dhaka,1
Female,40,1,1,1,Lalbagh,Undeveloped,Tinshed,Dhaka,1
Female,23,0,0,1,Rampura,Developed,Other,Dhaka,0
Female,55,0,0,0,Pallabi,Undeveloped,Other,Dhaka,0
Female,32,0,0,0,Sutrapur,Developed,Other,Dhaka,0
Male,13,0,0,1,Gendaria,Undeveloped,Tinshed,Dhaka,0
Male,44,1,1,0,Sabujbagh,Developed,Building,Dhaka,1
Female,52,0,0,1,Shyampur,Undeveloped,Tinshed,Dhaka,0
Male,65,0,0,0,Bosila,Developed,Other,Dhaka,0
Male,55,0,0,0,Ramna,Undeveloped,Other,Dhaka,0
Female,17,0,0,1,Mirpur,Developed,Other,Dhaka,0
Female,31,1,1,0,Ramna,Undeveloped,Building,Dhaka,1
Male,9,1,1,1,Bangshal,Developed,Tinshed,Dhaka,1
Male,22,1,1,0,Bangshal,Undeveloped,Tinshed,Dhaka,1
Female,21,1,1,0,Keraniganj,Developed,Other,Dhaka,1
Female,15,1,1,0,Rampura,Undeveloped,Building,Dhaka,1
Male,40,1,1,0,Khilkhet,Developed,Tinshed,Dhaka,1
Female,37,1,1,1,Motijheel,Undeveloped,Building,Dhaka,1
Male,53,0,0,0,Gendaria,Developed,Other,Dhaka,0
Female,46,0,0,0,New Market,Undeveloped,Tinshed,Dhaka,0
Male,9,1,1,1,Adabor,Developed,Other,Dhaka,1
Male,35,0,0,1,New Market,Undeveloped,Tinshed,Dhaka,0
Female,18,0,0,1,Biman Bandar,Developed,Other,Dhaka,0
Female,10,0,0,1,Kamrangirchar,Undeveloped,Other,Dhaka,0
Female,13,1,1,1,Mirpur,Developed,Tinshed,Dhaka,1
Female,19,1,1,0,Gulshan,Undeveloped,Tinshed,Dhaka,1
Male,37,0,0,1,Kalabagan,Developed,Other,Dhaka,0
Female,40,1,1,0,Khilkhet,Undeveloped,Building,Dhaka,1
Female,10,0,0,0,Khilkhet,Developed,Tinshed,Dhaka,0
Female,17,0,0,1,Sher-e-Bangla Nagar,Undeveloped,Other,Dhaka,0
Female,47,1,1,0,Sutrapur,Developed,Building,Dhaka,1
Male,51,0,0,0,Badda,Undeveloped,Other,Dhaka,0
Male,33,1,1,1,Rampura,Developed,Building,Dhaka,1
Male,51,1,1,1,Dhanmondi,Undeveloped,Other,Dhaka,1
Female,60,0,0,1,Ramna,Developed,Building,Dhaka,0
Female,23,0,0,1,Gulshan,Undeveloped,Other,Dhaka,0
Female,8,0,0,0,Dhanmondi,Developed,Other,Dhaka,0
Male,52,0,0,1,Mirpur,Undeveloped,Building,Dhaka,0
Female,10,1,1,1,Sher-e-Bangla Nagar,Developed,Tinshed,Dhaka,1
Male,22,1,1,0,Sher-e-Bangla Nagar,Undeveloped,Building,Dhaka,1
Male,23,1,1,0,Kamrangirchar,Developed,Tinshed,Dhaka,1
Female,13,0,0,1,Khilgaon,Undeveloped,Tinshed,Dhaka,0
Female,22,0,0,0,Kafrul,Developed,Building,Dhaka,0
Male,64,1,1,1,Jatrabari,Undeveloped,Building,Dhaka,1
Female,9,0,0,0,Lalbagh,Developed,Tinshed,Dhaka,0
Female,26,0,0,0,Lalbagh,Undeveloped,Tinshed,Dhaka,0
Male,32,0,0,0,Jatrabari,Developed,Tinshed,Dhaka,0
Female,48,0,0,1,Tejgaon,Undeveloped,Building,Dhaka,0
Male,48,0,1,0,Mohammadpur,Developed,Other,Dhaka,1
Female,33,0,0,0,New Market,Undeveloped,Other,Dhaka,0
Female,36,0,0,0,Banasree,Developed,Other,Dhaka,0
Female,32,0,0,0,Keraniganj,Undeveloped,Other,Dhaka,0
Male,53,0,0,0,Motijheel,Developed,Building,Dhaka,0
Female,9,1,1,0,New Market,Undeveloped,Other,Dhaka,1
Male,9,1,1,0,Kalabagan,Developed,Building,Dhaka,1
Male,40,0,0,1,Sher-e-Bangla Nagar,Undeveloped,Building,Dhaka,0
Female,55,1,1,1,Badda,Developed,Tinshed,Dhaka,1
Male,34,0,0,1,Bosila,Undeveloped,Tinshed,Dhaka,0
Female,19,1,1,1,Jatrabari,Developed,Building,Dhaka,1
Male,48,1,1,1,Cantonment,Undeveloped,Other,Dhaka,1
Female,30,1,1,0,Mirpur,Developed,Building,Dhaka,1
Female,27,0,0,0,Tejgaon,Undeveloped,Building,Dhaka,0
Male,49,0,0,0,Shahbagh,Developed,Other,Dhaka,0
Female,28,0,0,1,Kamrangirchar,Undeveloped,Other,Dhaka,0
Female,29,1,1,1,Sutrapur,Developed,Tinshed,Dhaka,1
Male,65,1,1,0,Kafrul,Undeveloped,Tinshed,Dhaka,1
Male,36,0,0,1,Banasree,Developed,Building,Dhaka,0
Female,55,1,1,0,Pallabi,Undeveloped,Building,Dhaka,1
Male,22,0,0,1,Sutrapur,Developed,Building,Dhaka,0
Male,26,1,1,0,New Market,Undeveloped,Tinshed,Dhaka,1
Male,31,1,1,0,Bangshal,Developed,Tinshed,Dhaka,1
Female,50,0,0,0,Keraniganj,Undeveloped,Building,Dhaka,0
Male,25,0,0,0,Biman Bandar,Developed,Tinshed,Dhaka,0
Female,34,1,1,0,New Market,Undeveloped,Building,Dhaka,1
Female,54,0,0,0,Mirpur,Developed,Tinshed,Dhaka,0
Female,35,1,1,0,Hazaribagh,Undeveloped,Building,Dhaka,1
Male,29,1,1,1,Mohammadpur,Developed,Building,Dhaka,1
Female,18,1,1,0,Keraniganj,Undeveloped,Other,Dhaka,1
Female,12,1,1,1,Khilgaon,Developed,Tinshed,Dhaka,1
Female,19,0,0,0,Sabujbagh,Undeveloped,Other,Dhaka,0
Female,38,1,1,0,Pallabi,Developed,Other,Dhaka,1
Male,46,0,0,0,Sutrapur,Undeveloped,Other,Dhaka,0
Female,9,1,1,0,Sher-e-Bangla Nagar,Developed,Building,Dhaka,1
Female,42,1,1,1,Kalabagan,Undeveloped,Building,Dhaka,1
Male,23,0,0,1,Paltan,Developed,Building,Dhaka,0
Female,45,1,1,1,Paltan,Undeveloped,Building,Dhaka,1
Female,29,1,1,1,Paltan,Developed,Building,Dhaka,1
Male,31,1,1,1,Gulshan,Undeveloped,Tinshed,Dhaka,1
Male,34,0,0,0,Biman Bandar,Developed,Tinshed,Dhaka,0
Female,61,1,1,1,Khilgaon,Undeveloped,Tinshed,Dhaka,1
Female,26,1,1,1,Sabujbagh,Developed,Tinshed,Dhaka,1
Female,52,0,0,0,Biman Bandar,Undeveloped,Other,Dhaka,0
Female,24,0,0,0,Kafrul,Developed,Tinshed,Dhaka,0
Male,19,0,0,1,Ramna,Undeveloped,Building,Dhaka,0
Female,47,1,1,0,Tejgaon,Developed,Tinshed,Dhaka,1
Female,14,1,1,1,Mohammadpur,Undeveloped,Tinshed,Dhaka,1
Male,62,1,1,0,Ramna,Developed,Tinshed,Dhaka,1
Male,53,1,1,1,Mirpur,Undeveloped,Tinshed,Dhaka,1
Male,49,0,0,1,Keraniganj,Developed,Tinshed,Dhaka,0
Female,51,0,0,1,Shahbagh,Undeveloped,Building,Dhaka,0
Female,61,0,0,0,Kamrangirchar,Developed,Building,Dhaka,0
Female,35,1,1,0,Kamrangirchar,Undeveloped,Building,Dhaka,1
Female,45,0,0,1,Kadamtali,Developed,Tinshed,Dhaka,0
Male,25,1,1,1,Bangshal,Undeveloped,Building,Dhaka,1
Female,53,1,1,0,Jatrabari,Developed,Building,Dhaka,1
Female,37,1,1,0,Gendaria,Undeveloped,Building,Dhaka,1
Male,25,0,0,1,Rampura,Developed,Building,Dhaka,0
Male,38,1,1,1,Badda,Undeveloped,Tinshed,Dhaka,1
Female,50,1,1,0,Rampura,Developed,Other,Dhaka,1
Male,30,1,1,1,Tejgaon,Undeveloped,Building,Dhaka,1
Female,20,0,0,0,Chawkbazar,Developed,Building,Dhaka,0
Male,44,1,1,0,Kalabagan,Undeveloped,Other,Dhaka,1
Female,57,0,0,1,Demra,Developed,Building,Dhaka,0
Male,19,1,1,1,Adabor,Undeveloped,Other,Dhaka,1
Female,34,0,0,0,Sutrapur,Developed,Other,Dhaka,0
Female,42,1,1,1,Shyampur,Undeveloped,Other,Dhaka,1
Female,48,1,1,1,Khilkhet,Developed,Other,Dhaka,1
Male,45,1,1,1,Mohammadpur,Undeveloped,Building,Dhaka,1
Female,48,0,0,1,Banasree,Developed,Tinshed,Dhaka,0
Female,50,1,1,0,New Market,Undeveloped,Other,Dhaka,1
Female,37,0,0,1,Sher-e-Bangla Nagar,Developed,Building,Dhaka,0
Female,28,1,1,0,Ramna,Undeveloped,Tinshed,Dhaka,1
Male,51,1,1,1,Sabujbagh,Developed,Other,Dhaka,1
Female,37,1,1,1,Jatrabari,Undeveloped,Building,Dhaka,1
Female,12,0,0,1,Kafrul,Developed,Building,Dhaka,0
Male,65,1,1,0,Jatrabari,Undeveloped,Other,Dhaka,1
Female,44,1,1,0,Pallabi,Developed,Building,Dhaka,1
Male,52,1,1,0,New Market,Undeveloped,Building,Dhaka,1
Female,10,1,1,1,Demra,Developed,Tinshed,Dhaka,1
Male,16,1,1,0,Sabujbagh,Undeveloped,Building,Dhaka,1
Female,17,1,1,0,Badda,Developed,Other,Dhaka,1
Female,63,0,0,1,Lalbagh,Undeveloped,Other,Dhaka,0
Female,29,1,1,1,Mirpur,Developed,Other,Dhaka,1
Male,62,0,0,1,Ramna,Undeveloped,Building,Dhaka,0
Female,16,0,0,0,Sher-e-Bangla Nagar,Developed,Tinshed,Dhaka,0
Male,8,0,0,0,Gendaria,Undeveloped,Building,Dhaka,0
Female,10,1,1,0,Gulshan,Developed,Tinshed,Dhaka,1
Female,40,1,1,0,Kalabagan,Undeveloped,Tinshed,Dhaka,1
Female,51,0,0,1,Chawkbazar,Developed,Other,Dhaka,0
Female,40,1,1,1,Demra,Undeveloped,Building,Dhaka,1
Female,50,0,0,0,Sher-e-Bangla Nagar,Developed,Other,Dhaka,0
Male,20,1,1,1,Mirpur,Undeveloped,Tinshed,Dhaka,1
Female,27,0,0,0,Gendaria,Developed,Other,Dhaka,0
Female,65,0,0,0,Motijheel,Undeveloped,Tinshed,Dhaka,0
Female,10,1,1,1,Kadamtali,Developed,Tinshed,Dhaka,1
Female,33,1,1,1,Motijheel,Undeveloped,Tinshed,Dhaka,1
Male,20,1,1,1,Motijheel,Developed,Tinshed,Dhaka,1
Female,44,1,1,1,Sher-e-Bangla Nagar,Undeveloped,Building,Dhaka,1
Male,62,0,0,0,Sher-e-Bangla Nagar,Developed,Building,Dhaka,0
Male,62,1,1,0,Kadamtali,Undeveloped,Other,Dhaka,1
Male,54,1,1,1,Badda,Developed,Building,Dhaka,1
Male,62,0,0,1,Paltan,Undeveloped,Tinshed,Dhaka,0
Male,58,1,1,0,Sher-e-Bangla Nagar,Developed,Building,Dhaka,1
Male,10,1,1,1,Kafrul,Undeveloped,Other,Dhaka,1
Female,47,0,0,1,Bangshal,Developed,Building,Dhaka,0
Female,20,0,0,1,Biman Bandar,Undeveloped,Tinshed,Dhaka,0
Male,60,0,0,1,Biman Bandar,Developed,Building,Dhaka,0
Female,28,0,0,0,Khilkhet,Undeveloped,Tinshed,Dhaka,0
Female,21,1,1,1,Rampura,Developed,Building,Dhaka,1
Female,48,1,1,1,Khilgaon,Undeveloped,Other,Dhaka,1
Male,45,0,0,0,Kamrangirchar,Developed,Other,Dhaka,0
Male,23,1,1,0,Tejgaon,Undeveloped,Building,Dhaka,1
Female,52,0,0,0,Kamrangirchar,Developed,Tinshed,Dhaka,0
Male,28,1,1,1,Rampura,Undeveloped,Building,Dhaka,1
Male,19,0,0,0,Kalabagan,Developed,Other,Dhaka,0
Male,46,1,1,1,Adabor,Undeveloped,Building,Dhaka,1
Female,61,0,0,0,Gendaria,Developed,Tinshed,Dhaka,0
Female,32,0,0,0,Paltan,Undeveloped,Building,Dhaka,0
Male,10,1,1,1,Adabor,Developed,Other,Dhaka,1
Male,27,1,1,1,New Market,Undeveloped,Other,Dhaka,1
Female,56,0,0,0,Pallabi,Developed,Building,Dhaka,0
Male,26,0,0,0,Sutrapur,Undeveloped,Building,Dhaka,0
Male,15,1,1,0,Gendaria,Developed,Other,Dhaka,1
Female,10,1,1,1,Gendaria,Undeveloped,Other,Dhaka,1
Male,24,1,1,1,Adabor,Developed,Tinshed,Dhaka,1
Female,51,0,0,1,Cantonment,Undeveloped,Tinshed,Dhaka,0
Female,41,0,0,1,Paltan,Developed,Other,Dhaka,0
Male,65,1,1,0,Cantonment,Undeveloped,Building,Dhaka,1
Female,51,0,0,1,Dhanmondi,Developed,Building,Dhaka,0
Male,18,0,0,0,New Market,Undeveloped,Building,Dhaka,0
Male,31,0,0,1,Sutrapur,Developed,Building,Dhaka,0
Male,30,1,1,0,Tejgaon,Undeveloped,Building,Dhaka,1
Male,14,1,1,1,Demra,Developed,Tinshed,Dhaka,1
Male,17,1,1,0,New Market,Undeveloped,Other,Dhaka,1
Male,63,1,1,0,Keraniganj,Developed,Tinshed,Dhaka,1
Male,49,1,1,0,Chawkbazar,Undeveloped,Building,Dhaka,1
Female,55,0,0,0,Khilkhet,Developed,Building,Dhaka,0
Female,17,1,1,0,Bangshal,Undeveloped,Other,Dhaka,1
Male,17,0,0,1,New Market,Developed,Tinshed,Dhaka,0
Male,55,1,1,1,Adabor,Undeveloped,Building,Dhaka,1
Female,57,1,1,0,Banasree,Developed,Other,Dhaka,1
Male,45,0,0,0,Pallabi,Undeveloped,Tinshed,Dhaka,0
Female,37,0,0,0,Mohammadpur,Developed,Building,Dhaka,0
Male,47,1,1,1,Adabor,Undeveloped,Other,Dhaka,1
Female,49,1,1,1,Shyampur,Developed,Tinshed,Dhaka,1
Female,32,1,1,0,Kalabagan,Undeveloped,Tinshed,Dhaka,1
Male,33,1,1,0,Bosila,Developed,Building,Dhaka,1
Female,25,0,0,0,Adabor,Undeveloped,Other,Dhaka,0
Male,24,0,0,0,Cantonment,Developed,Building,Dhaka,0
Male,22,0,0,0,Kadamtali,Undeveloped,Building,Dhaka,0
Female,52,1,1,1,Motijheel,Developed,Building,Dhaka,1
Female,16,1,1,0,Kafrul,Undeveloped,Tinshed,Dhaka,1
Female,19,0,0,0,Dhanmondi,Developed,Building,Dhaka,0
Female,31,0,0,1,New Market,Undeveloped,Other,Dhaka,0
Male,46,0,0,1,Keraniganj,Developed,Other,Dhaka,0
Male,61,1,1,0,Biman Bandar,Undeveloped,Tinshed,Dhaka,1
Female,35,0,0,0,Biman Bandar,Developed,Tinshed,Dhaka,0
Female,44,1,1,1,Kafrul,Undeveloped,Other,Dhaka,1
Female,12,0,0,1,Badda,Developed,Tinshed,Dhaka,0
Male,51,1,1,0,Pallabi,Undeveloped,Other,Dhaka,1
Female,33,1,1,1,Mohammadpur,Developed,Other,Dhaka,1
Female,53,1,1,1,Jatrabari,Undeveloped,Building,Dhaka,1
Male,22,0,0,0,Hazaribagh,Developed,Tinshed,Dhaka,0
Male,32,0,0,0,Kamrangirchar,Undeveloped,Other,Dhaka,0
Male,36,0,0,1,Ramna,Developed,Tinshed,Dhaka,0
Female,14,0,0,0,New Market,Undeveloped,Tinshed,Dhaka,0
Male,18,1,1,0,Bangshal,Developed,Other,Dhaka,1
Male,52,1,1,1,Keraniganj,Undeveloped,Building,Dhaka,1
Female,62,0,0,1,Kalabagan,Developed,Building,Dhaka,0
Female,41,0,0,1,Keraniganj,Undeveloped,Other,Dhaka,0
Female,25,0,0,1,Kafrul,Developed,Other,Dhaka,0
Male,31,1,1,0,Demra,Undeveloped,Other,Dhaka,1
Female,49,0,0,0,Ramna,Developed,Building,Dhaka,0
Female,39,1,1,1,Badda,Undeveloped,Other,Dhaka,1
Female,26,0,0,0,Sher-e-Bangla Nagar,Developed,Other,Dhaka,0
Male,24,0,0,0,Sabujbagh,Undeveloped,Tinshed,Dhaka,0
Male,30,0,0,0,Bosila,Developed,Tinshed,Dhaka,0
Male,20,1,1,1,Pallabi,Undeveloped,Building,Dhaka,1
Female,50,1,1,1,Sutrapur,Developed,Tinshed,Dhaka,1
Female,13,1,1,0,Kalabagan,Undeveloped,Other,Dhaka,1
Male,44,1,1,0,Bosila,Developed,Building,Dhaka,1
Male,19,1,1,1,Pallabi,Undeveloped,Other,Dhaka,1
Female,53,1,1,1,Biman Bandar,Developed,Tinshed,Dhaka,1
Female,12,0,0,0,Khilkhet,Undeveloped,Building,Dhaka,0
Female,14,0,0,0,Cantonment,Developed,Tinshed,Dhaka,0
Male,30,1,1,1,Shahbagh,Undeveloped,Building,Dhaka,1
Female,48,0,0,1,Sutrapur,Developed,Tinshed,Dhaka,0
Male,31,0,0,0,Sutrapur,Undeveloped,Building,Dhaka,0
Male,16,1,1,0,Demra,Developed,Building,Dhaka,1
Male,38,1,1,1,Dhanmondi,Undeveloped,Tinshed,Dhaka,1
Female,24,1,1,1,Hazaribagh,Developed,Other,Dhaka,1
Female,28,0,0,1,Kafrul,Undeveloped,Tinshed,Dhaka,0
Female,52,1,1,0,Kadamtali,Developed,Tinshed,Dhaka,1
Male,8,1,1,0,Bosila,Undeveloped,Building,Dhaka,1
Female,54,0,0,0,Mirpur,Developed,Building,Dhaka,0
Female,9,1,1,1,Kalabagan,Undeveloped,Building,Dhaka,1
Female,14,1,1,0,Jatrabari,Developed,Other,Dhaka,1
Female,12,1,1,0,Chawkbazar,Undeveloped,Other,Dhaka,1
Female,49,0,0,1,Tejgaon,Developed,Other,Dhaka,0
Male,46,0,0,0,Jatrabari,Undeveloped,Other,Dhaka,0
Male,35,0,0,1,Demra,Developed,Building,Dhaka,0
Female,45,1,1,0,New Market,Undeveloped,Building,Dhaka,1
Male,48,0,0,0,Rampura,Developed,Other,Dhaka,0
Male,50,0,0,0,Badda,Undeveloped,Other,Dhaka,0
Male,37,0,0,0,Sher-e-Bangla Nagar,Developed,Building,Dhaka,0
Female,39,0,0,1,Sabujbagh,Undeveloped,Building,Dhaka,0
Male,56,1,1,0,Kalabagan,Developed,Building,Dhaka,1
Female,11,0,0,1,Chawkbazar,Undeveloped,Tinshed,Dhaka,0
Male,46,1,1,0,Tejgaon,Developed,Building,Dhaka,1
Female,32,0,0,1,Shahbagh,Undeveloped,Tinshed,Dhaka,0
Male,65,0,0,0,Khilgaon,Developed,Tinshed,Dhaka,0
Male,55,1,1,1,Bangshal,Undeveloped,Other,Dhaka,1
Male,34,0,0,1,Sutrapur,Developed,Other,Dhaka,0
Male,21,0,0,0,Hazaribagh,Undeveloped,Tinshed,Dhaka,0
Female,11,0,0,0,New Market,Developed,Other,Dhaka,0
Male,46,0,0,0,Mohammadpur,Undeveloped,Building,Dhaka,0
Male,21,1,1,0,Biman Bandar,Developed,Other,Dhaka,1
Female,61,0,0,0,Dhanmondi,Undeveloped,Tinshed,Dhaka,0
Male,35,1,1,1,Adabor,Developed,Building,Dhaka,1
Female,46,1,1,1,Khilkhet,Undeveloped,Tinshed,Dhaka,1
Female,11,0,0,0,Biman Bandar,Developed,Other,Dhaka,0
Male,49,1,1,0,Kafrul,Undeveloped,Building,Dhaka,1
Female,43,1,1,1,Dhanmondi,Developed,Other,Dhaka,1
Female,49,1,1,0,Cantonment,Undeveloped,Tinshed,Dhaka,1
Male,46,1,1,0,Demra,Developed,Tinshed,Dhaka,1
Female,50,0,0,1,Mirpur,Undeveloped,Building,Dhaka,0
Male,20,0,0,0,Pallabi,Developed,Building,Dhaka,0
Male,58,1,1,1,Kafrul,Undeveloped,Tinshed,Dhaka,1
Female,46,0,0,0,Cantonment,Developed,Tinshed,Dhaka,0
Male,24,0,0,1,Pallabi,Undeveloped,Building,Dhaka,0
Male,29,0,0,0,Sutrapur,Developed,Other,Dhaka,0
Male,46,0,0,1,Kadamtali,Undeveloped,Tinshed,Dhaka,0
Male,42,1,1,1,Gulshan,Developed,Building,Dhaka,1
Female,56,0,0,0,Sutrapur,Undeveloped,Other,Dhaka,0
Male,8,0,0,0,Paltan,Developed,Tinshed,Dhaka,0
Male,13,0,0,0,Hazaribagh,Undeveloped,Building,Dhaka,0
Male,10,1,1,0,Shahbagh,Developed,Tinshed,Dhaka,1
Male,34,0,0,1,Rampura,Undeveloped,Other,Dhaka,0
Female,33,1,1,1,Demra,Developed,Tinshed,Dhaka,1
Male,43,1,1,0,Ramna,Undeveloped,Other,Dhaka,1
Female,36,1,1,0,Bangshal,Developed,Other,Dhaka,1
Female,50,1,1,0,Pallabi,Undeveloped,Other,Dhaka,1
Male,14,1,1,0,Sabujbagh,Developed,Building,Dhaka,1
Male,10,0,0,1,Ramna,Undeveloped,Other,Dhaka,0
Male,50,1,1,0,Biman Bandar,Developed,Other,Dhaka,1
Male,62,1,1,0,Shahbagh,Undeveloped,Other,Dhaka,1
Female,11,0,0,0,Bangshal,Developed,Building,Dhaka,0
Male,40,1,1,1,Tejgaon,Undeveloped,Building,Dhaka,1
Male,50,1,1,1,Chawkbazar,Developed,Building,Dhaka,1
Male,17,0,0,0,Badda,Undeveloped,Other,Dhaka,0
Female,31,1,1,1,Gulshan,Developed,Building,Dhaka,1
Female,53,1,1,1,Motijheel,Undeveloped,Building,Dhaka,1
Male,29,0,0,1,Sutrapur,Developed,Other,Dhaka,0
Female,32,1,1,1,Mohammadpur,Undeveloped,Tinshed,Dhaka,1
Female,45,0,0,0,Khilgaon,Developed,Other,Dhaka,0
Male,63,0,0,1,Bosila,Undeveloped,Tinshed,Dhaka,0
Male,22,1,1,1,Keraniganj,Developed,Other,Dhaka,1
Male,46,0,0,0,Paltan,Undeveloped,Tinshed,Dhaka,0
Male,31,1,1,0,Shyampur,Developed,Other,Dhaka,1
Male,42,1,1,1,Rampura,Undeveloped,Tinshed,Dhaka,1
Male,54,0,0,0,Kamrangirchar,Developed,Other,Dhaka,0
Female,27,0,0,1,Ramna,Undeveloped,Other,Dhaka,0
Male,57,1,1,1,New Market,Developed,Other,Dhaka,1
Male,46,1,1,1,Jatrabari,Undeveloped,Tinshed,Dhaka,1
Male,29,0,0,1,Gulshan,Developed,Building,Dhaka,0
Male,34,1,1,0,Kafrul,Undeveloped,Other,Dhaka,1
Female,41,1,1,1,Ramna,Developed,Other,Dhaka,1
Female,10,0,0,1,New Market,Undeveloped,Building,Dhaka,0
Female,27,1,1,0,Motijheel,Developed,Building,Dhaka,1
Female,26,1,1,1,Bangshal,Undeveloped,Tinshed,Dhaka,1
Female,62,1,1,1,Jatrabari,Developed,Other,Dhaka,1
Male,28,1,1,1,Pallabi,Undeveloped,Other,Dhaka,1
Male,44,1,1,0,Khilkhet,Developed,Other,Dhaka,1
Male,39,1,1,1,Bosila,Undeveloped,Building,Dhaka,1
Female,11,0,0,1,Kadamtali,Developed,Tinshed,Dhaka,0
Female,51,0,0,1,Tejgaon,Undeveloped,Other,Dhaka,0
Female,34,1,1,0,Dhanmondi,Developed,Tinshed,Dhaka,1
Female,17,0,0,0,Banasree,Undeveloped,Building,Dhaka,0
Female,12,1,1,0,Rampura,Developed,Other,Dhaka,1
Male,51,0,0,1,Gulshan,Undeveloped,Other,Dhaka,0
Female,49,0,0,1,Shyampur,Developed,Tinshed,Dhaka,0
Male,40,1,1,0,Tejgaon,Undeveloped,Other,Dhaka,1
Male,50,0,0,1,Jatrabari,Developed,Tinshed,Dhaka,0
Female,31,1,1,1,Sher-e-Bangla Nagar,Undeveloped,Building,Dhaka,1
Male,49,1,1,1,Tejgaon,Developed,Building,Dhaka,1
Male,35,1,1,0,Mohammadpur,Undeveloped,Tinshed,Dhaka,1
Female,16,1,1,0,Badda,Developed,Tinshed,Dhaka,1
Female,37,0,0,0,Shahbagh,Undeveloped,Other,Dhaka,0
Female,48,0,0,0,Biman Bandar,Developed,Other,Dhaka,0
Male,11,0,0,0,Badda,Undeveloped,Tinshed,Dhaka,0
Male,21,1,1,1,Shyampur,Developed,Other,Dhaka,1
Male,45,1,1,0,Shyampur,Undeveloped,Other,Dhaka,1
Male,53,0,0,1,Badda,Developed,Other,Dhaka,0
Female,13,1,1,1,Demra,Undeveloped,Tinshed,Dhaka,1
Female,18,0,0,1,Badda,Developed,Building,Dhaka,0
Male,34,1,1,1,Hazaribagh,Undeveloped,Other,Dhaka,1
Male,22,0,0,0,Kamrangirchar,Developed,Other,Dhaka,0
Male,39,1,1,1,Kadamtali,Undeveloped,Other,Dhaka,1
Male,21,0,0,0,Sutrapur,Developed,Tinshed,Dhaka,0
Male,64,0,0,0,Paltan,Undeveloped,Building,Dhaka,0
Female,53,0,0,0,Paltan,Developed,Other,Dhaka,0
Female,21,1,1,1,Motijheel,Undeveloped,Building,Dhaka,1
Female,40,1,1,1,Jatrabari,Developed,Building,Dhaka,1
Male,39,1,1,1,Dhanmondi,Undeveloped,Building,Dhaka,1
Female,47,1,1,1,Dhanmondi,Developed,Tinshed,Dhaka,1
Male,52,0,0,1,Mohammadpur,Undeveloped,Other,Dhaka,0
Female,17,1,1,1,Mohammadpur,Developed,Building,Dhaka,1
Male,65,0,0,0,Kalabagan,Undeveloped,Tinshed,Dhaka,0
Male,32,0,0,1,Chawkbazar,Developed,Tinshed,Dhaka,0
Male,8,1,1,0,Demra,Undeveloped,Building,Dhaka,1
Female,55,0,0,1,Kamrangirchar,Developed,Building,Dhaka,0
Male,47,0,0,0,Gulshan,Undeveloped,Other,Dhaka,0
Male,47,0,0,0,Bosila,Developed,Other,Dhaka,0
Male,47,0,0,0,Khilgaon,Undeveloped,Building,Dhaka,0
Female,26,1,1,0,Cantonment,Developed,Other,Dhaka,1
Male,36,0,0,0,Badda,Undeveloped,Other,Dhaka,0
Male,45,1,1,0,Tejgaon,Developed,Building,Dhaka,1
Female,24,0,0,0,Mirpur,Undeveloped,Building,Dhaka,0
Female,15,0,0,1,Mohammadpur,Developed,Building,Dhaka,0
Male,32,1,1,0,Badda,Undeveloped,Tinshed,Dhaka,1
Female,28,1,1,0,Mirpur,Developed,Tinshed,Dhaka,1
Male,53,1,1,1,Khilgaon,Undeveloped,Building,Dhaka,1
Male,58,1,1,0,Chawkbazar,Developed,Tinshed,Dhaka,1
Female,8,0,0,1,Kafrul,Undeveloped,Tinshed,Dhaka,0
Male,35,0,0,1,Chawkbazar,Developed,Tinshed,Dhaka,0
Male,44,1,1,1,Khilkhet,Undeveloped,Other,Dhaka,1
Female,30,1,1,1,Paltan,Developed,Other,Dhaka,1
Male,16,0,0,1,Keraniganj,Undeveloped,Other,Dhaka,0
Male,54,1,1,1,Chawkbazar,Developed,Building,Dhaka,1
Male,54,1,1,1,Sabujbagh,Undeveloped,Tinshed,Dhaka,1
Male,18,1,1,1,Mirpur,Developed,Building,Dhaka,1
Female,19,1,1,1,Lalbagh,Undeveloped,Tinshed,Dhaka,1
Female,47,0,0,1,New Market,Developed,Tinshed,Dhaka,0
Female,38,0,0,1,New Market,Undeveloped,Other,Dhaka,0
Male,20,0,0,0,Badda,Developed,Building,Dhaka,0
Male,65,1,1,0,Mohammadpur,Undeveloped,Tinshed,Dhaka,1
Female,29,1,1,0,Bangshal,Developed,Building,Dhaka,1
Female,8,0,0,0,Banasree,Undeveloped,Building,Dhaka,0
Female,45,1,1,1,Dhanmondi,Developed,Building,Dhaka,1
Female,9,1,1,0,Hazaribagh,Undeveloped,Building,Dhaka,1
Male,27,0,0,0,Cantonment,Developed,Building,Dhaka,0
Male,59,1,1,1,Khilkhet,Undeveloped,Other,Dhaka,1
Female,16,1,1,0,Paltan,Developed,Tinshed,Dhaka,1
Female,8,0,0,0,Rampura,Undeveloped,Other,Dhaka,0
Female,36,1,1,0,Cantonment,Developed,Tinshed,Dhaka,1
Male,38,0,0,1,Ramna,Undeveloped,Building,Dhaka,0
Female,56,1,1,1,Kamrangirchar,Developed,Building,Dhaka,1
Male,35,1,1,0,Mirpur,Undeveloped,Other,Dhaka,1
Female,18,1,1,0,Tejgaon,Developed,Tinshed,Dhaka,1
Female,13,1,1,0,Sutrapur,Undeveloped,Other,Dhaka,1
Male,23,0,1,0,Mohammadpur,Developed,Building,Dhaka,1
Female,14,1,1,1,Keraniganj,Undeveloped,Building,Dhaka,1
Female,21,1,1,0,Kalabagan,Developed,Other,Dhaka,1
Male,39,1,1,1,Demra,Undeveloped,Other,Dhaka,1
Female,39,1,1,1,Mirpur,Developed,Building,Dhaka,1
Male,34,0,0,0,Paltan,Undeveloped,Other,Dhaka,0
Female,36,1,1,1,Ramna,Developed,Building,Dhaka,1
Female,43,0,1,0,Sabujbagh,Undeveloped,Tinshed,Dhaka,1
Male,39,1,1,1,Biman Bandar,Developed,Building,Dhaka,1
Female,53,1,1,1,Demra,Undeveloped,Other,Dhaka,1
Male,45,1,1,1,Bangshal,Developed,Tinshed,Dhaka,1
Female,12,0,0,1,Biman Bandar,Undeveloped,Building,Dhaka,0
Female,28,1,1,0,Motijheel,Developed,Other,Dhaka,1
Male,14,1,1,0,Hazaribagh,Undeveloped,Building,Dhaka,1
Male,10,0,0,0,Rampura,Developed,Building,Dhaka,0
Male,64,1,1,0,Jatrabari,Undeveloped,Other,Dhaka,1
Male,8,1,1,0,Jatrabari,Developed,Tinshed,Dhaka,1
Female,43,0,0,1,Hazaribagh,Undeveloped,Other,Dhaka,0
Male,16,0,0,0,Lalbagh,Developed,Building,Dhaka,0
Female,62,1,1,1,Kalabagan,Undeveloped,Tinshed,Dhaka,1
Female,35,0,0,0,Adabor,Developed,Building,Dhaka,0
Male,36,0,0,0,Chawkbazar,Undeveloped,Other,Dhaka,0
Female,15,1,1,0,Shahbagh,Developed,Building,Dhaka,1
Female,11,1,1,0,Jatrabari,Undeveloped,Building,Dhaka,1
Male,27,1,1,0,Hazaribagh,Developed,Other,Dhaka,1
Male,20,0,0,0,Shahbagh,Undeveloped,Other,Dhaka,0
Male,28,1,1,0,Shyampur,Developed,Tinshed,Dhaka,1
Male,60,1,1,0,Chawkbazar,Undeveloped,Other,Dhaka,1
Male,10,1,1,1,Tejgaon,Developed,Other,Dhaka,1
Female,39,0,0,1,Keraniganj,Undeveloped,Tinshed,Dhaka,0
Male,52,0,0,1,Rampura,Developed,Tinshed,Dhaka,0
Female,36,1,1,0,Tejgaon,Undeveloped,Tinshed,Dhaka,1
Female,39,0,0,0,Gulshan,Developed,Building,Dhaka,0
Male,13,0,0,1,Banasree,Undeveloped,Other,Dhaka,0
Female,42,0,0,0,Mirpur,Developed,Tinshed,Dhaka,0
Male,30,1,1,1,Demra,Undeveloped,Building,Dhaka,1
Male,33,0,0,0,Hazaribagh,Developed,Tinshed,Dhaka,0
Female,61,1,1,1,Biman Bandar,Undeveloped,Building,Dhaka,1
Female,47,1,1,1,New Market,Developed,Building,Dhaka,1
Female,52,0,0,1,Keraniganj,Undeveloped,Other,Dhaka,0
Male,59,0,0,1,Khilgaon,Developed,Building,Dhaka,0
Female,29,0,0,0,Banasree,Undeveloped,Building,Dhaka,0
Female,50,1,1,1,Bangshal,Developed,Tinshed,Dhaka,1
Female,56,1,1,0,Banasree,Undeveloped,Building,Dhaka,1
Male,55,1,1,0,Sutrapur,Developed,Building,Dhaka,1
Female,44,1,1,1,Adabor,Undeveloped,Building,Dhaka,1
Male,37,0,0,0,Adabor,Developed,Tinshed,Dhaka,0
Female,42,0,0,1,Banasree,Undeveloped,Tinshed,Dhaka,0
Male,8,0,0,1,New Market,Developed,Building,Dhaka,0
Male,40,0,0,0,Kamrangirchar,Undeveloped,Tinshed,Dhaka,0
Male,56,0,0,1,Dhanmondi,Developed,Tinshed,Dhaka,0
Male,60,0,0,1,Jatrabari,Undeveloped,Building,Dhaka,0
Male,26,0,0,0,Motijheel,Developed,Tinshed,Dhaka,0
Female,65,1,1,0,Mohammadpur,Undeveloped,Building,Dhaka,1
Female,33,1,1,1,Tejgaon,Developed,Building,Dhaka,1
Female,20,0,0,0,Rampura,Undeveloped,Other,Dhaka,0
Male,20,0,0,0,Cantonment,Developed,Other,Dhaka,0
Female,54,1,1,0,Kadamtali,Undeveloped,Building,Dhaka,1
Male,22,1,1,1,Banasree,Developed,Tinshed,Dhaka,1
Female,16,0,0,0,Paltan,Undeveloped,Tinshed,Dhaka,0
Female,37,0,0,0,Rampura,Developed,Building,Dhaka,0
Female,26,0,0,1,Demra,Undeveloped,Tinshed,Dhaka,0
Female,27,0,0,0,Hazaribagh,Developed,Tinshed,Dhaka,0
Female,10,0,0,0,Kadamtali,Undeveloped,Building,Dhaka,0
Female,15,0,0,0,Ramna,Developed,Building,Dhaka,0
Female,17,0,0,0,Biman Bandar,Undeveloped,Tinshed,Dhaka,0
Female,61,1,1,1,Mirpur,Developed,Building,Dhaka,1
Male,35,1,1,1,Shahbagh,Undeveloped,Other,Dhaka,1
Female,55,1,1,1,Rampura,Developed,Other,Dhaka,1
Female,16,1,1,1,Lalbagh,Undeveloped,Other,Dhaka,1
Male,52,0,0,0,Kadamtali,Developed,Building,Dhaka,0
Female,50,0,0,0,Motijheel,Undeveloped,Other,Dhaka,0
Female,23,1,1,1,Kafrul,Developed,Tinshed,Dhaka,1
Male,64,1,1,0,Demra,Undeveloped,Building,Dhaka,1
Female,50,0,0,0,Rampura,Developed,Tinshed,Dhaka,0
Female,8,0,1,0,Cantonment,Developed,Other,Dhaka,1
Female,37,0,0,1,Shyampur,Developed,Tinshed,Dhaka,0
Female,63,0,0,0,Rampura,Undeveloped,Other,Dhaka,0
Female,45,0,0,0,Biman Bandar,Developed,Other,Dhaka,0
Female,26,0,0,0,Khilgaon,Undeveloped,Building,Dhaka,0
Female,24,0,0,0,Banasree,Developed,Other,Dhaka,0
Male,31,1,1,0,Keraniganj,Undeveloped,Tinshed,Dhaka,1
Female,54,0,0,1,Sher-e-Bangla Nagar,Developed,Tinshed,Dhaka,0
Male,60,1,1,1,Kamrangirchar,Undeveloped,Building,Dhaka,1
Male,61,1,1,1,Gendaria,Developed,Building,Dhaka,1
Male,58,0,1,0,Sabujbagh,Undeveloped,Tinshed,Dhaka,1
Female,39,0,0,1,Sutrapur,Developed,Tinshed,Dhaka,0
Female,30,0,0,1,Lalbagh,Undeveloped,Other,Dhaka,0
Male,57,1,1,0,Badda,Developed,Other,Dhaka,1
Female,40,1,1,0,Paltan,Undeveloped,Tinshed,Dhaka,1
Male,39,0,0,0,Gulshan,Developed,Building,Dhaka,0
Female,9,1,1,1,Gulshan,Undeveloped,Other,Dhaka,1
Male,26,0,1,0,Kamrangirchar,Developed,Other,Dhaka,1
Female,40,1,1,0,Tejgaon,Undeveloped,Building,Dhaka,1
Male,49,1,1,1,New Market,Developed,Other,Dhaka,1
Female,29,0,0,1,Jatrabari,Undeveloped,Tinshed,Dhaka,0
Female,38,1,1,0,Banasree,Developed,Other,Dhaka,1
Male,52,0,0,1,Chawkbazar,Undeveloped,Building,Dhaka,0
Male,64,0,0,0,Hazaribagh,Developed,Building,Dhaka,0
Male,11,0,0,0,Banasree,Undeveloped,Other,Dhaka,0
Male,39,1,1,0,Jatrabari,Developed,Other,Dhaka,1
Male,39,1,1,0,Biman Bandar,Undeveloped,Tinshed,Dhaka,1
Female,25,1,1,0,Rampura,Developed,Tinshed,Dhaka,1
Male,9,0,0,1,Mirpur,Undeveloped,Building,Dhaka,0
Female,61,1,1,0,Gendaria,Developed,Building,Dhaka,1
Female,18,0,0,1,Gulshan,Undeveloped,Building,Dhaka,0
Female,55,1,1,0,Cantonment,Developed,Tinshed,Dhaka,1
Male,11,0,0,0,Banasree,Undeveloped,Building,Dhaka,0
Male,23,1,1,0,Lalbagh,Developed,Building,Dhaka,1
Female,37,1,1,1,Jatrabari,Undeveloped,Other,Dhaka,1
Female,33,0,0,1,Hazaribagh,Developed,Other,Dhaka,0
Male,18,1,1,0,Kafrul,Undeveloped,Building,Dhaka,1
Female,15,0,0,0,Kadamtali,Developed,Other,Dhaka,0
Male,44,0,0,1,Bangshal,Undeveloped,Other,Dhaka,0
Female,16,1,1,0,New Market,Developed,Building,Dhaka,1
Male,41,1,1,0,Paltan,Undeveloped,Other,Dhaka,1
Male,45,0,0,1,Motijheel,Developed,Building,Dhaka,0
Female,19,1,1,1,Paltan,Undeveloped,Building,Dhaka,1
Female,28,0,0,1,Adabor,Developed,Building,Dhaka,0
